Rroduct Name,Price,Crawler Time
農心 炒碼麵 130公克 X 8入,$419,Sun Nov 14 17:25:02 2021
農心辛拉麵 黑 130公克 X 8包,$399,Sun Nov 14 17:25:02 2021
不倒翁韓式乾拌冬粉 原味 75公克 X 10包,$485,Sun Nov 14 17:25:02 2021
不倒翁 超濃厚起司風味拉麵 135公克 X 8入,$399,Sun Nov 14 17:25:02 2021
曾拌麵 116公克 X 12包,$459,Sun Nov 14 17:25:02 2021
阿舍乾拌麵 95公克 X 20包,$389,Sun Nov 14 17:25:02 2021
CJ 即食韓式牛骨湯飯 166公克 X 6入,$439,Sun Nov 14 17:25:02 2021
不倒翁 金炸醬炒碼碗麵 120公克 X 12入,$649,Sun Nov 14 17:25:02 2021
味丹炸醬麵 85公克 X 24入,$349,Sun Nov 14 17:25:02 2021
真味味醬燒雞腿麵 169公克 X 8碗,$539,Sun Nov 14 17:25:02 2021
曾拌麵雙味冷麵 8包,$429,Sun Nov 14 17:25:02 2021
